SKU,QR Code
XLR_MALE_TO_XLR_FEMALE_CABLE_SHORT_2M-35,6VYVSQWSNq
FEELWORLD_4XHDMI_1XSDI_DIGITAL_VIDEO_SWITCHER_TOUCH-1,aTIXGAeWVq
NOVASTAR_VX5S_LED_PROCESSOR-3,b9WMx4jb24
NOVASTAR_VX5S_LED_PROCESSOR-1,rcwA2CepBg
NOVASTAR_VX4S_LED_PROCESSOR-3,3Pp7HW6SvC
NOVASTAR_VX4S_LED_PROCESSOR-1,D0qy0lIMrf
NOVASTAR_VX600_LED_PROCESSOR-2,52OQJILlV3
NOVASTAR_VX600_LED_PROCESSOR-1,3yQ1azjosw
NOVASTAR_VX1000_LED_PROCESSOR-3,j1WiTzAJm3
NOVASTAR_VX1000_LED_PROCESSOR-2,A3IzQ7f5W2
NOVASTAR_VX1000_LED_PROCESSOR-1,hokXAw62ta
NOVASTAR_4K_PRIME_LED_PROCESSOR-2,NuL5yk5V9k
NOVASTAR_4K_PRIME_LED_PROCESSOR-1,L3PDNvY7Ug
BOSE_S1_PRO_1-14,m4wOVp6IX8
BOSE_S1_PRO_1-13,FBwt65zkhO
BOSE_S1_PRO_1-12,QjjpR6amMl
BOSE_S1_PRO_1-11,LxQZKr8otv
BOSE_S1_PRO_1-10,oHD4G6GQPf
BOSE_S1_PRO_1-9,AENH9y71z4
BOSE_S1_PRO_1-8,hBi117xjPR
